Workbook

Sheet 안내
B2: 이격거리 조례 검토표
B3: 전남 22개 시군 도시계획 조례의 발전시설 이격거리 조항 · 2026-09-18 작성
B5: 이 표의 목적
B6: 무엇을 | C6: 조례 원문에서 기계로 뽑아낸 이격거리 '후보'를 사람이 원문과 대조해 확정합니다. 확정한 값만 판정 시스템(data/setback_table.csv)에 들어갑니다.
B7: 왜 사람이 | C7: 조례 해석은 법령 판단이라 기계가 대신할 수 없습니다. 추출 후보는 검토를 빠르게 하기 위한 보조일 뿐이며, 틀릴 수 있습니다. 반드시 K열 원문과 대조해 주세요.
B9: 작성 방법
B10: 노란 칸만 채웁니다 | C10: M~S열(노란색)만 입력합니다. 나머지 열은 원문에서 가져온 참고값이라 수정하지 않습니다.
B11: 1. 원문 확인 | C11: K열 원문을 읽고, F·G열 후보값이 맞는지 봅니다. L열 링크로 조례 전문을 열 수 있습니다.
B12: 2. 값 확정 | C12: M열 확정 거리(m), N열 밀집 기준 호수를 입력합니다. 후보가 맞으면 같은 값을 그대로 적습니다. T열이 '일치/변경'을 자동으로 보여줍니다.
B13: 3. 반영 여부 | C13: P열에 Y(판정에 반영) 또는 N(반영 안 함)을 고릅니다. 예외 조항이거나 이격거리가 아닌 행은 N.
B14: 4. 서명 | C14: Q열 검토자, R열 검토일을 적습니다. 검토자가 비어 있는 행은 시스템이 무시합니다.
B16: 꼭 봐야 하는 행
B17: 주황색 행 | C17: H열에 사유가 적힌 행입니다. 한 줄에 거리가 여러 개(예: '10호 미만은 300미터')이거나 '다만/예외/동의' 단서가 붙어 있어 후보값이 틀렸을 가능성이 높습니다.
B18: '직접 확인 필요' 시트 | C18: 조문을 찾지 못했거나(고흥·장흥·강진·영광) 구조가 달라 추출이 안 된(나주) 5개 시군입니다. 조례 전문을 직접 확인해야 합니다.
B20: 기대 효과 (중요)
B21: 표를 다 채우면 | C21: 근거 조문이 정확해지고, 아래 두 경우는 실제 판정이 나옵니다. · 조례에 이격 규정이 '없다'고 확인된 시군 → 비저촉 · 개발행위허가 신청일이 2026-09-18 이전 → 조건부(종전 조례 적용)
B22: 그래도 남는 것 | C22: 2026-09-18 이후 신청분 대부분은 여전히 '판정불가'입니다. 「신재생에너지법」 제27조의3에 따라 역사문화환경보존지역·생태경관보전지역 해당 여부를 알아야 판단할 수 있는데, 그 판별이 아직 자동화되지 않았기 때문입니다. 이 표를 채우는 것만으로는 해결되지 않습니다.
B24: 입력 예시
B25: 예시 (목포시 도로) | C25: F 후보 100 → M 확정 100, N 비움, O 2020-08-10(1호 개정일), P Y, Q 서장훈, R 2026-09-20 ※ 예시는 이 시트에만 있습니다. 검토표에 가짜 확정값을 넣지 않은 것은, 그 행이 실수로 판정 시스템에 들어가면 사람이 확인하지 않은 값이 확정값처럼 쓰이기 때문입니다.

Sheet 검토표
A1: 이격거리 조례 검토표
A2: 노란 칸(M~S열)만 입력합니다 · 주황색 행은 후보값이 틀렸을 가능성이 높아 원문을 꼭 확인하세요 · 검토자가 비어 있는 행은 판정에 쓰이지 않습니다
A3: 번호 | B3: 시군구 | C3: 시군구코드 | D3: 사업유형 | E3: 대상 | F3: 추출 거리(m) [후보] | G3: 추출 호수 [후보] | H3: 확인 필요 | I3: 조례명 | J3: 조문 | K3: 원문 (해당 호) | L3: 조례 전문 | M3: 확정 거리(m) | N3: 확정 호수 | O3: 고시일 | P3: 판정 반영 (Y/N) | Q3: 검토자 | R3: 검토일 | S3: 검토 메모 | T3: 후보와 비교
A4: 1 | B4: 목포시 | C4: 12110 | D4: 태양광 | E4: 관광지 | F4: 100 | I4: 목포시 도시계획 조례 | J4: 제17조의4 | K4: 5. 「관광진흥법」에 따른 관광지 및 관광단지 경계로부터 100미터 안에 입지하지 아니할 것. | L4: 열기 | T4: =IF(M4="","",IF(M4=F4,"일치","변경"))
A5: 2 | B5: 목포시 | C5: 12110 | D5: 태양광 | E5: 도로 | F5: 100 | H5: 한 줄에 거리 여러 개 | I5: 목포시 도시계획 조례 | J5: 제17조의4 | K5: 1. 「도로법」이 적용되는 도로(국도, 지방도, 시도 등 2차선 또는 폭 6미터 이상의 포장도로) 경계로부터 100미터 안에 입지하지 아니할 것. <개정 2018.12.17., 2020.8.10.> | L5: 열기 | T5: =IF(M5="","",IF(M5=F5,"일치","변경"))
A6: 3 | B6: 목포시 | C6: 12110 | D6: 태양광 | E6: 문화유산 | F6: 100 | I6: 목포시 도시계획 조례 | J6: 제17조의4 | K6: 6. 「문화유산보존 및 활용에 관한 법률」의 적용을 받는 문화유산 부지 경계로부터 100미터 안에 입지하지 아니할 것. | L6: 열기 | T6: =IF(M6="","",IF(M6=F6,"일치","변경"))
A7: 4 | B7: 목포시 | C7: 12110 | D7: 태양광 | E7: 자연취락지구 | F7: 100 | I7: 목포시 도시계획 조례 | J7: 제17조의4 | K7: 3. 자연취락지구 경계로부터 100미터 안에 입지하지 아니할 것. | L7: 열기 | T7: =IF(M7="","",IF(M7=F7,"일치","변경"))
A8: 5 | B8: 목포시 | C8: 12110 | D8: 태양광 | E8: 주거밀집지역 | F8: 100 | G8: 10 | I8: 목포시 도시계획 조례 | J8: 제17조의4 | K8: 2. 주거밀집지역(10호 이상의 실제 주민이 거주하는 인가가 밀집된 지역) 경계로부터 100미터 안에 입지하지 아니할 것. | L8: 열기 | T8: =IF(M8="","",IF(M8=F8,"일치","변경"))
A9: 6 | B9: 여수시 | C9: 12130 | D9: 풍력 | E9: 가축사육시설 | F9: 1500 | I9: 여수시 도시계획 조례 | J9: 제12조의2 | K9: 라.「축산법」에 따른 가축 사육시설 및 육상 축양장 등 생산시설 부지경계에서 1,500미터 이내에 입지하지 아니할 것 | L9: 열기 | T9: =IF(M9="","",IF(M9=F9,"일치","변경"))
A10: 7 | B10: 여수시 | C10: 12130 | D10: 풍력 | E10: 도로 | F10: 300 | I10: 여수시 도시계획 조례 | J10: 제12조의2 | K10: 가. 도로 및 철도 부지경계에서 직선거리 300미터 이내에 입지하지 아니할 것 | L10: 열기 | T10: =IF(M10="","",IF(M10=F10,"일치","변경"))
A11: 8 | B11: 여수시 | C11: 12130 | D11: 풍력 | E11: 도로 | F11: 200 | I11: 여수시 도시계획 조례 | J11: 제12조의2 | K11: 가. 도로 및 철도, 하천, 저수지 부지경계에서 직선거리 200미터 이내에 입지하지 아니할 것 | L11: 열기 | T11: =IF(M11="","",IF(M11=F11,"일치","변경"))
A12: 9 | B12: 여수시 | C12: 12130 | D12: 풍력 | E12: 도로 | F12: 100 | I12: 여수시 도시계획 조례 | J12: 제12조의2 | K12: 가. 도로 및 철도, 하천, 저수지 부지경계에서 직선거리 100미터 이내에 입지하지 아니할 것 | L12: 열기 | T12: =IF(M12="","",IF(M12=F12,"일치","변경"))
A13: 10 | B13: 여수시 | C13: 12130 | D13: 풍력 | E13: 정온시설 | F13: 1500 | I13: 여수시 도시계획 조례 | J13: 제12조의2 | K13: 나. 정온시설(초·중·고등학교, 대학교, 도서관, 노인요양시설, 유치원, 병원, 경로당 등 기타 유사한 시설로서 시장이 인정한 경우) 부지경계에서 1,500미터 이내에 입지하지 아니할 것 | L13: 열기 | T13: =IF(M13="","",IF(M13=F13,"일치","변경"))
A14: 11 | B14: 여수시 | C14: 12130 | D14: 풍력 | E14: 주거밀집지역 | F14: 2000 | G14: 10 | H14: 한 줄에 거리 여러 개 / 다만·예외·동의 단서 | I14: 여수시 도시계획 조례 | J14: 제12조의2 | K14: 나. 주거밀집지역(10호 이상의 실제 주민이 거주하는 인가가 밀집된 지역을 말하며, 주택과 주택사이의 직선거리가 50미터 이내로 연결되는 호수를 합산) 주택 부지 경계에서 직선거리 2,000미터 이내에 입지하지 아니할 것. (10호 미만 주거밀집지역은 주택부지 경계에서 직선거리 1,000미터 이내에 입지하지 아니할 것.) 단, 해당 지역에 거주하는 주민등록상 세대주의 90% 이상 동의를 얻은 경우 허용할 수 있다. | L14: 열기 | T14: =IF(M14="","",IF(M14=F14,"일치","변경"))
A15: 12 | B15: 여수시 | C15: 12130 | D15: 풍력 | E15: 주택 | F15: 1500 | I15: 여수시 도시계획 조례 | J15: 제12조의2 | K15: 다. 주민이 실제 거주하는 주택 부지경계에서 1,500미터 이내에 입지하지 아니할 것 | L15: 열기 | T15: =IF(M15="","",IF(M15=F15,"일치","변경"))
A16: 13 | B16: 여수시 | C16: 12130 | D16: 풍력 | E16: 주택 | F16: 500 | I16: 여수시 도시계획 조례 | J16: 제12조의2 | K16: 나. 주민이 실제 거주하는 주택 부지경계에서 500미터 이내에 입지하지 아니할 것 | L16: 열기 | T16: =IF(M16="","",IF(M16=F16,"일치","변경"))
A17: 14 | B17: 여수시 | C17: 12130 | D17: 풍력 | E17: 철도 | F17: 300 | I17: 여수시 도시계획 조례 | J17: 제12조의2 | K17: 가. 도로 및 철도 부지경계에서 직선거리 300미터 이내에 입지하지 아니할 것 | L17: 열기 | T17: =IF(M17="","",IF(M17=F17,"일치","변경"))
A18: 15 | B18: 여수시 | C18: 12130 | D18: 풍력 | E18: 철도 | F18: 200 | I18: 여수시 도시계획 조례 | J18: 제12조의2 | K18: 가. 도로 및 철도, 하천, 저수지 부지경계에서 직선거리 200미터 이내에 입지하지 아니할 것 | L18: 열기 | T18: =IF(M18="","",IF(M18=F18,"일치","변경"))
A19: 16 | B19: 여수시 | C19: 12130 | D19: 풍력 | E19: 철도 | F19: 100 | I19: 여수시 도시계획 조례 | J19: 제12조의2 | K19: 가. 도로 및 철도, 하천, 저수지 부지경계에서 직선거리 100미터 이내에 입지하지 아니할 것 | L19: 열기 | T19: =IF(M19="","",IF(M19=F19,"일치","변경"))
A20: 17 | B20: 여수시 | C20: 12130 | D20: 풍력 | E20: 하천·저수지 | F20: 200 | I20: 여수시 도시계획 조례 | J20: 제12조의2 | K20: 가. 도로 및 철도, 하천, 저수지 부지경계에서 직선거리 200미터 이내에 입지하지 아니할 것 | L20: 열기 | T20: =IF(M20="","",IF(M20=F20,"일치","변경"))
A21: 18 | B21: 여수시 | C21: 12130 | D21: 풍력 | E21: 하천·저수지 | F21: 100 | I21: 여수시 도시계획 조례 | J21: 제12조의2 | K21: 가. 도로 및 철도, 하천, 저수지 부지경계에서 직선거리 100미터 이내에 입지하지 아니할 것 | L21: 열기 | T21: =IF(M21="","",IF(M21=F21,"일치","변경"))
A22: 19 | B22: 여수시 | C22: 12130 | D22: 태양광 | E22: 도로 | F22: 300 | H22: 다만·예외·동의 단서 | I22: 여수시 도시계획 조례 | J22: 제12조의3 | K22: 3. 시설물관리기관(도로, 하천, 구거)에서 유지관리 등에 이상이 없다고 판단하여 점·사용허가를 얻은 경우(다만, 주민이 실제 거주하는 주택의 부지경계로부터 300미터 이상 이격할 것) | L22: 열기 | T22: =IF(M22="","",IF(M22=F22,"일치","변경"))
A23: 20 | B23: 여수시 | C23: 12130 | D23: 태양광 | E23: 도로 | F23: 100 | H23: 다만·예외·동의 단서 | I23: 여수시 도시계획 조례 | J23: 제12조의2 | K23: 가. 도로(왕복 2차로 이상의 포장도로를 말한다. 이하 같다) 및 철도 부지경계에서 직선거리 100미터 이내에 입지하지 아니할 것 (다만, 자연적으로 형성되어 차폐된 지역으로서 도로 가시권 밖에 위치한 경우에는 주변환경 및 경관에 영향을 미치지 아니하는 범위 내에서 예외로 할 수 있다.) | L23: 열기 | T23: =IF(M23="","",IF(M23=F23,"일치","변경"))
A24: 21 | B24: 여수시 | C24: 12130 | D24: 태양광 | E24: 문화유산 | F24: 300 | I24: 여수시 도시계획 조례 | J24: 제12조의2 | K24: 다. 「문화유산법」에 따른 문화재 및 「여수시 문화유산보호관리 조례」에 따른 향토문화유산 부지경계에서 직선거리 300미터 이내에 입지하지 아니할 것<개정 2024. 5. 17.> | L24: 열기 | T24: =IF(M24="","",IF(M24=F24,"일치","변경"))
A25: 22 | B25: 여수시 | C25: 12130 | D25: 태양광 | E25: 주택 | F25: 300 | H25: 다만·예외·동의 단서 | I25: 여수시 도시계획 조례 | J25: 제12조의2 | K25: 나. 주민이 실제 거주하는 주택 부지경계에서 300미터 이내에 입지하지 아니할 것. 다만, 해당 세대주 전체의 동의를 받은 경우에는 예외로 할 수 있다. <단서 신설 2019. 5. 13., 단서 개정 2020. 7. 6.> | L25: 열기 | T25: =IF(M25="","",IF(M25=F25,"일치","변경"))
A26: 23 | B26: 여수시 | C26: 12130 | D26: 태양광 | E26: 주택 | F26: 300 | H26: 다만·예외·동의 단서 | I26: 여수시 도시계획 조례 | J26: 제12조의3 | K26: 3. 시설물관리기관(도로, 하천, 구거)에서 유지관리 등에 이상이 없다고 판단하여 점·사용허가를 얻은 경우(다만, 주민이 실제 거주하는 주택의 부지경계로부터 300미터 이상 이격할 것) | L26: 열기 | T26: =IF(M26="","",IF(M26=F26,"일치","변경"))
A27: 24 | B27: 여수시 | C27: 12130 | D27: 태양광 | E27: 철도 | F27: 100 | H27: 다만·예외·동의 단서 | I27: 여수시 도시계획 조례 | J27: 제12조의2 | K27: 가. 도로(왕복 2차로 이상의 포장도로를 말한다. 이하 같다) 및 철도 부지경계에서 직선거리 100미터 이내에 입지하지 아니할 것 (다만, 자연적으로 형성되어 차폐된 지역으로서 도로 가시권 밖에 위치한 경우에는 주변환경 및 경관에 영향을 미치지 아니하는 범위 내에서 예외로 할 수 있다.) | L27: 열기 | T27: =IF(M27="","",IF(M27=F27,"일치","변경"))
A28: 25 | B28: 여수시 | C28: 12130 | D28: 태양광 | E28: 하천·저수지 | F28: 300 | H28: 다만·예외·동의 단서 | I28: 여수시 도시계획 조례 | J28: 제12조의3 | K28: 3. 시설물관리기관(도로, 하천, 구거)에서 유지관리 등에 이상이 없다고 판단하여 점·사용허가를 얻은 경우(다만, 주민이 실제 거주하는 주택의 부지경계로부터 300미터 이상 이격할 것) | L28: 열기 | T28: =IF(M28="","",IF(M28=F28,"일치","변경"))
A29: 26 | B29: 순천시 | C29: 12150 | D29: 풍력 | E29: 가축사육시설 | F29: 2000 | G29: 5 | I29: 순천시 도시계획 조례 | J29: 제20조의2 | K29: ③ 풍력 발전시설은 도로, 5호 이상 주거 밀집지역, 축사로부터 각각 2,000m 이내에 입지하지 아니하여야 한다. <개정 2019. 6. 10.> | L29: 열기 | T29: =IF(M29="","",IF(M29=F29,"일치","변경"))
A30: 27 | B30: 순천시 | C30: 12150 | D30: 풍력 | E30: 도로 | F30: 2000 | G30: 5 | I30: 순천시 도시계획 조례 | J30: 제20조의2 | K30: ③ 풍력 발전시설은 도로, 5호 이상 주거 밀집지역, 축사로부터 각각 2,000m 이내에 입지하지 아니하여야 한다. <개정 2019. 6. 10.> | L30: 열기 | T30: =IF(M30="","",IF(M30=F30,"일치","변경"))
A31: 28 | B31: 순천시 | C31: 12150 | D31: 풍력 | E31: 주거밀집지역 | F31: 2000 | G31: 5 | I31: 순천시 도시계획 조례 | J31: 제20조의2 | K31: ③ 풍력 발전시설은 도로, 5호 이상 주거 밀집지역, 축사로부터 각각 2,000m 이내에 입지하지 아니하여야 한다. <개정 2019. 6. 10.> | L31: 열기 | T31: =IF(M31="","",IF(M31=F31,"일치","변경"))
A32: 29 | B32: 순천시 | C32: 12150 | D32: 태양광 | E32: 도로 | F32: 200 | I32: 순천시 도시계획 조례 | J32: 제20조의2 | K32: 1. 도로에서 200미터 이내에 입지하지 아니할 것 | L32: 열기 | T32: =IF(M32="","",IF(M32=F32,"일치","변경"))
A33: 30 | B33: 광양시 | C33: 12190 | D33: 풍력 | E33: 가축사육시설 | F33: 2000 | G33: 10 | H33: 한 줄에 거리 여러 개 | I33: 광양시 도시계획 조례 | J33: 제21조의2 | K33: 1. 10호 이상(호간 이격거리 50미터 이내 주택 포함)의 집단 취락지역 경계 주택과 주요 관광지(유원지, 공원 등) 및 공공시설, 축사의 경계로부터 2,000미터 이내에 입지하지 아니할 것(대지를 조성 중이거나 조성이 완료된 대지도 집단 취락지역으로 포함한다) <개정 2025. 12. 31.> | L33: 열기 | T33: =IF(M33="","",IF(M33=F33,"일치","변경"))
A34: 31 | B34: 광양시 | C34: 12190 | D34: 풍력 | E34: 공공시설 | F34: 2000 | G34: 10 | H34: 한 줄에 거리 여러 개 | I34: 광양시 도시계획 조례 | J34: 제21조의2 | K34: 1. 10호 이상(호간 이격거리 50미터 이내 주택 포함)의 집단 취락지역 경계 주택과 주요 관광지(유원지, 공원 등) 및 공공시설, 축사의 경계로부터 2,000미터 이내에 입지하지 아니할 것(대지를 조성 중이거나 조성이 완료된 대지도 집단 취락지역으로 포함한다) <개정 2025. 12. 31.> | L34: 열기 | T34: =IF(M34="","",IF(M34=F34,"일치","변경"))
A35: 32 | B35: 광양시 | C35: 12190 | D35: 풍력 | E35: 공공시설 | F35: 500 | G35: 10 | H35: 한 줄에 거리 여러 개 | I35: 광양시 도시계획 조례 | J35: 제21조의2 | K35: 1. 10호 이상(호간 이격거리 50미터 이내 주택 포함)의 집단 취락지역 경계 주택과 주요 관광지(유원지, 공원 등) 및 공공시설의 경계로부터 500미터 이내에 입지하지 아니할 것(대지를 조성 중이거나 조성이 완료된 대지도 집단취락지역으로 포함한다) <개정 2025. 12. 31.> | L35: 열기 | T35: =IF(M35="","",IF(M35=F35,"일치","변경"))
A36: 33 | B36: 광양시 | C36: 12190 | D36: 풍력 | E36: 관광지 | F36: 2000 | G36: 10 | H36: 한 줄에 거리 여러 개 | I36: 광양시 도시계획 조례 | J36: 제21조의2 | K36: 1. 10호 이상(호간 이격거리 50미터 이내 주택 포함)의 집단 취락지역 경계 주택과 주요 관광지(유원지, 공원 등) 및 공공시설, 축사의 경계로부터 2,000미터 이내에 입지하지 아니할 것(대지를 조성 중이거나 조성이 완료된 대지도 집단 취락지역으로 포함한다) <개정 2025. 12. 31.> | L36: 열기 | T36: =IF(M36="","",IF(M36=F36,"일치","변경"))
A37: 34 | B37: 광양시 | C37: 12190 | D37: 풍력 | E37: 관광지 | F37: 500 | G37: 10 | H37: 한 줄에 거리 여러 개 | I37: 광양시 도시계획 조례 | J37: 제21조의2 | K37: 1. 10호 이상(호간 이격거리 50미터 이내 주택 포함)의 집단 취락지역 경계 주택과 주요 관광지(유원지, 공원 등) 및 공공시설의 경계로부터 500미터 이내에 입지하지 아니할 것(대지를 조성 중이거나 조성이 완료된 대지도 집단취락지역으로 포함한다) <개정 2025. 12. 31.> | L37: 열기 | T37: =IF(M37="","",IF(M37=F37,"일치","변경"))
A38: 35 | B38: 광양시 | C38: 12190 | D38: 풍력 | E38: 도로 | F38: 2000 | I38: 광양시 도시계획 조례 | J38: 제21조의2 | K38: 2. 「도로법」 상 도로 및 철도의 경계로부터 2,000미터 이내에 입지하지 아니할 것(단, 터널 등 지하에 위치하여 가시권에 영향이 없는 경우는 제외한다) <개정 2025. 12. 31.> | L38: 열기 | T38: =IF(M38="","",IF(M38=F38,"일치","변경"))
A39: 36 | B39: 광양시 | C39: 12190 | D39: 풍력 | E39: 도로 | F39: 250 | I39: 광양시 도시계획 조례 | J39: 제21조의2 | K39: 2. 「도로법」 상 국도나 고속국도 경계로부터 250미터 이내에 입지하지 아니할 것 | L39: 열기 | T39: =IF(M39="","",IF(M39=F39,"일치","변경"))
A40: 37 | B40: 광양시 | C40: 12190 | D40: 풍력 | E40: 주거밀집지역 | F40: 2000 | G40: 10 | H40: 한 줄에 거리 여러 개 | I40: 광양시 도시계획 조례 | J40: 제21조의2 | K40: 1. 10호 이상(호간 이격거리 50미터 이내 주택 포함)의 집단 취락지역 경계 주택과 주요 관광지(유원지, 공원 등) 및 공공시설, 축사의 경계로부터 2,000미터 이내에 입지하지 아니할 것(대지를 조성 중이거나 조성이 완료된 대지도 집단 취락지역으로 포함한다) <개정 2025. 12. 31.> | L40: 열기 | T40: =IF(M40="","",IF(M40=F40,"일치","변경"))
A41: 38 | B41: 광양시 | C41: 12190 | D41: 풍력 | E41: 주거밀집지역 | F41: 500 | G41: 10 | H41: 한 줄에 거리 여러 개 | I41: 광양시 도시계획 조례 | J41: 제21조의2 | K41: 1. 10호 이상(호간 이격거리 50미터 이내 주택 포함)의 집단 취락지역 경계 주택과 주요 관광지(유원지, 공원 등) 및 공공시설의 경계로부터 500미터 이내에 입지하지 아니할 것(대지를 조성 중이거나 조성이 완료된 대지도 집단취락지역으로 포함한다) <개정 2025. 12. 31.> | L41: 열기 | T41: =IF(M41="","",IF(M41=F41,"일치","변경"))
A42: 39 | B42: 광양시 | C42: 12190 | D42: 풍력 | E42: 철도 | F42: 2000 | I42: 광양시 도시계획 조례 | J42: 제21조의2 | K42: 2. 「도로법」 상 도로 및 철도의 경계로부터 2,000미터 이내에 입지하지 아니할 것(단, 터널 등 지하에 위치하여 가시권에 영향이 없는 경우는 제외한다) <개정 2025. 12. 31.> | L42: 열기 | T42: =IF(M42="","",IF(M42=F42,"일치","변경"))
A43: 40 | B43: 광양시 | C43: 12190 | D43: 풍력 | E43: 하천·저수지 | F43: 100 | I43: 광양시 도시계획 조례 | J43: 제21조의2 | K43: 3. 하천, 저수지, 상수도보호구역, 공유수면, 해안선 등 수질오염이 우려되는 곳의 경계로부터 100미터 이내에 입지하지 아니할 것 | L43: 열기 | T43: =IF(M43="","",IF(M43=F43,"일치","변경"))
A44: 41 | B44: 광양시 | C44: 12190 | D44: 태양광 | E44: 공공시설 | F44: 200 | G44: 10 | H44: 한 줄에 거리 여러 개 | I44: 광양시 도시계획 조례 | J44: 제21조의2 | K44: 1. 10호 이상(호간 이격거리 50미터이내 주택 포함)의 집단 취락지역 경계 주택과 주요 관광지(유원지, 공원 등) 및 공공시설의 경계로부터 200미터 이내에 입지하지 아니할 것(대지를 조성 중이거나 조성이 완료된 대지도 집단취락지역으로 포함한다) <개정 2025. 12. 31.> | L44: 열기 | T44: =IF(M44="","",IF(M44=F44,"일치","변경"))
A45: 42 | B45: 광양시 | C45: 12190 | D45: 태양광 | E45: 관광지 | F45: 200 | G45: 10 | H45: 한 줄에 거리 여러 개 | I45: 광양시 도시계획 조례 | J45: 제21조의2 | K45: 1. 10호 이상(호간 이격거리 50미터이내 주택 포함)의 집단 취락지역 경계 주택과 주요 관광지(유원지, 공원 등) 및 공공시설의 경계로부터 200미터 이내에 입지하지 아니할 것(대지를 조성 중이거나 조성이 완료된 대지도 집단취락지역으로 포함한다) <개정 2025. 12. 31.> | L45: 열기 | T45: =IF(M45="","",IF(M45=F45,"일치","변경"))
A46: 43 | B46: 광양시 | C46: 12190 | D46: 태양광 | E46: 도로 | F46: 100 | I46: 광양시 도시계획 조례 | J46: 제21조의2 | K46: 2. 「도로법」 상 도로 및 철도의 경계로부터 100미터 이내에 입지하지 아니할 것(단, 터널 등 지하에 위치하여 가시권에 영향이 없는 경우는 제외한다) <개정 2025. 12. 31.> | L46: 열기 | T46: =IF(M46="","",IF(M46=F46,"일치","변경"))
A47: 44 | B47: 광양시 | C47: 12190 | D47: 태양광 | E47: 주거밀집지역 | F47: 200 | G47: 10 | H47: 한 줄에 거리 여러 개 | I47: 광양시 도시계획 조례 | J47: 제21조의2 | K47: 1. 10호 이상(호간 이격거리 50미터이내 주택 포함)의 집단 취락지역 경계 주택과 주요 관광지(유원지, 공원 등) 및 공공시설의 경계로부터 200미터 이내에 입지하지 아니할 것(대지를 조성 중이거나 조성이 완료된 대지도 집단취락지역으로 포함한다) <개정 2025. 12. 31.> | L47: 열기 | T47: =IF(M47="","",IF(M47=F47,"일치","변경"))
A48: 45 | B48: 광양시 | C48: 12190 | D48: 태양광 | E48: 철도 | F48: 100 | I48: 광양시 도시계획 조례 | J48: 제21조의2 | K48: 2. 「도로법」 상 도로 및 철도의 경계로부터 100미터 이내에 입지하지 아니할 것(단, 터널 등 지하에 위치하여 가시권에 영향이 없는 경우는 제외한다) <개정 2025. 12. 31.> | L48: 열기 | T48: =IF(M48="","",IF(M48=F48,"일치","변경"))
A49: 46 | B49: 담양군 | C49: 12710 | D49: 태양광 | E49: 공공시설 | F49: 500 | I49: 담양군 도시계획 조례 | J49: 제20조의2 | K49: 2. 취락지구(법 제37조에 따라 지정된 지구), 주요관광지, 공공시설 부지 경계로부터 직선거리 500m 안에 입지하지 아니할 것 | L49: 열기 | T49: =IF(M49="","",IF(M49=F49,"일치","변경"))
A50: 47 | B50: 담양군 | C50: 12710 | D50: 태양광 | E50: 관광지 | F50: 500 | I50: 담양군 도시계획 조례 | J50: 제20조의2 | K50: 2. 취락지구(법 제37조에 따라 지정된 지구), 주요관광지, 공공시설 부지 경계로부터 직선거리 500m 안에 입지하지 아니할 것 | L50: 열기 | T50: =IF(M50="","",IF(M50=F50,"일치","변경"))
A51: 48 | B51: 담양군 | C51: 12710 | D51: 태양광 | E51: 주거밀집지역 | F51: 500 | I51: 담양군 도시계획 조례 | J51: 제20조의2 | K51: 2. 취락지구(법 제37조에 따라 지정된 지구), 주요관광지, 공공시설 부지 경계로부터 직선거리 500m 안에 입지하지 아니할 것 | L51: 열기 | T51: =IF(M51="","",IF(M51=F51,"일치","변경"))
A52: 49 | B52: 곡성군 | C52: 12720 | D52: 태양광 | E52: 관광지 | F52: 500 | I52: 곡성군 도시계획 조례 | J52: 제14조의3 | K52: 5.주요 관광지(기차마을 유원지, 도림사 관광단지)의 경계로부터 직선거리 500미터 안에 입지하지 아니할 것 <개정 2017.10.11., 2018.3.21.> | L52: 열기 | T52: =IF(M52="","",IF(M52=F52,"일치","변경"))
A53: 50 | B53: 곡성군 | C53: 12720 | D53: 태양광 | E53: 도로 | F53: 500 | G53: 1 | H53: 다만·예외·동의 단서 | I53: 곡성군 도시계획 조례 | J53: 제14조의3 | K53: 1. 「도로법」제10조에 따른 주요도로(국도, 지방도, 군도) 및 「농어촌도로 정비법」 제4조제2항제1호에 따른 면도에서 직선거리 500미터 안에 입지하지 아니할 것. <개정 2017.10.11., 2018.3.21., 2018.12.27.> 다만, 이 경우 왕복 2차로 이상의 포장도로로 한정함. <신설 2018.3.21.> | L53: 열기 | T53: =IF(M53="","",IF(M53=F53,"일치","변경"))
A54: 51 | B54: 곡성군 | C54: 12720 | D54: 태양광 | E54: 자연취락지구 | F54: 500 | G54: 10 | I54: 곡성군 도시계획 조례 | J54: 제14조의3 | K54: 2. 10호 이상 주민이 거주하는 자연취락지구의 경계로부터 직선거리 500미터 안에 입지하지 아니할 것 <신설 2018.3.21.>[종전 제2호는 제5호로 이동<2018.3.21.> | L54: 열기 | T54: =IF(M54="","",IF(M54=F54,"일치","변경"))
A55: 52 | B55: 곡성군 | C55: 12720 | D55: 태양광 | E55: 자연취락지구 | F55: 300 | G55: 10 | I55: 곡성군 도시계획 조례 | J55: 제14조의3 | K55: 3. 10호 미만 주민이 거주하는 자연취락지구의 경계로부터 직선거리 300미터 안에 입지하지 아니할 것 <신설 2018.3.21.>[종전 제3호는 제6호로 이동<2018.3.21.> | L55: 열기 | T55: =IF(M55="","",IF(M55=F55,"일치","변경"))
A56: 53 | B56: 구례군 | C56: 12730 | D56: 풍력 | E56: 관광지 | F56: 500 | G56: 5 | I56: 구례군 도시계획 조례 | J56: 제19조의2 | K56: 2. 5호 이상 주거 밀집지역 및 주요 관광지의 경계로부터 500미터 안에 입지하지 아니할 것 | L56: 열기 | T56: =IF(M56="","",IF(M56=F56,"일치","변경"))
A57: 54 | B57: 구례군 | C57: 12730 | D57: 풍력 | E57: 도로 | F57: 500 | I57: 구례군 도시계획 조례 | J57: 제19조의2 | K57: 1. 고속국도, 국도, 지방도, 군도, 농어촌 도로 경계로부터 500미터 안에 입지하지 아니할 것 | L57: 열기 | T57: =IF(M57="","",IF(M57=F57,"일치","변경"))
A58: 55 | B58: 구례군 | C58: 12730 | D58: 풍력 | E58: 주거밀집지역 | F58: 2000 | G58: 5 | I58: 구례군 도시계획 조례 | J58: 제19조의2 | K58: ② 풍력발전시설은 5호 이상 주거 밀집지역의 경계로부터 2,000미터 안에 입지하지 아니하여야 한다. | L58: 열기 | T58: =IF(M58="","",IF(M58=F58,"일치","변경"))
A59: 56 | B59: 구례군 | C59: 12730 | D59: 풍력 | E59: 주거밀집지역 | F59: 500 | G59: 5 | I59: 구례군 도시계획 조례 | J59: 제19조의2 | K59: 2. 5호 이상 주거 밀집지역 및 주요 관광지의 경계로부터 500미터 안에 입지하지 아니할 것 | L59: 열기 | T59: =IF(M59="","",IF(M59=F59,"일치","변경"))
A60: 57 | B60: 구례군 | C60: 12730 | D60: 풍력 | E60: 하천·저수지 | F60: 500 | I60: 구례군 도시계획 조례 | J60: 제19조의2 | K60: 3. 국가하천, 지방하천, 소하천, 저수지 경계로부터 500미터 안에 입지하지 아니할 것 | L60: 열기 | T60: =IF(M60="","",IF(M60=F60,"일치","변경"))
A61: 58 | B61: 구례군 | C61: 12730 | D61: 태양광 | E61: 관광지 | F61: 500 | G61: 10 | H61: 한 줄에 거리 여러 개 | I61: 구례군 도시계획 조례 | J61: 제19조의2 | K61: 2. 10호 이상 주거 밀집지역(주택 부지 간 이격거리가 50미터 이내인 지역을 말한다. 이하 같다) 및 주요 관광지의 경계로부터 500미터 이내 또는 5호 이상 10호 미만 주거 밀집지역의 경계로부터 100미터 안에 입지하지 아니할 것<개정 2021. 11. 1.> | L61: 열기 | T61: =IF(M61="","",IF(M61=F61,"일치","변경"))
A62: 59 | B62: 구례군 | C62: 12730 | D62: 태양광 | E62: 농지 | F62: 1000 | I62: 구례군 도시계획 조례 | J62: 제19조의2 | K62: 3. 저수지 또는 경지정리 등 집단화된 토지 중앙 부근(중핵지점으로부터 10분의 8 이내 및 가장자리로부터 1,000미터 이내)에 입지하지 아니할 것 | L62: 열기 | T62: =IF(M62="","",IF(M62=F62,"일치","변경"))
A63: 60 | B63: 구례군 | C63: 12730 | D63: 태양광 | E63: 도로 | F63: 1000 | I63: 구례군 도시계획 조례 | J63: 제19조의2 | K63: 1. 고속국도, 국도, 지방도, 군도, 농어촌 도로 경계로부터 1,000미터 안에 입지하지 아니할 것 | L63: 열기 | T63: =IF(M63="","",IF(M63=F63,"일치","변경"))
A64: 61 | B64: 구례군 | C64: 12730 | D64: 태양광 | E64: 주거밀집지역 | F64: 500 | G64: 10 | H64: 한 줄에 거리 여러 개 | I64: 구례군 도시계획 조례 | J64: 제19조의2 | K64: 2. 10호 이상 주거 밀집지역(주택 부지 간 이격거리가 50미터 이내인 지역을 말한다. 이하 같다) 및 주요 관광지의 경계로부터 500미터 이내 또는 5호 이상 10호 미만 주거 밀집지역의 경계로부터 100미터 안에 입지하지 아니할 것<개정 2021. 11. 1.> | L64: 열기 | T64: =IF(M64="","",IF(M64=F64,"일치","변경"))
A65: 62 | B65: 구례군 | C65: 12730 | D65: 태양광 | E65: 하천·저수지 | F65: 1000 | I65: 구례군 도시계획 조례 | J65: 제19조의2 | K65: 3. 저수지 또는 경지정리 등 집단화된 토지 중앙 부근(중핵지점으로부터 10분의 8 이내 및 가장자리로부터 1,000미터 이내)에 입지하지 아니할 것 | L65: 열기 | T65: =IF(M65="","",IF(M65=F65,"일치","변경"))
A66: 63 | B66: 보성군 | C66: 12750 | D66: 풍력 | E66: 가축사육시설 | F66: 1500 | I66: 보성군 도시계획 조례 | J66: 제21조의2 | K66: 1. 정온시설(초ㆍ중ㆍ고등학교, 도서관, 노인요양시설, 유치원, 병원, 경로당, 축사 등 정숙을 요하는 시설)물로부터 1,500미터 | L66: 열기 | T66: =IF(M66="","",IF(M66=F66,"일치","변경"))
A67: 64 | B67: 보성군 | C67: 12750 | D67: 풍력 | E67: 자연취락지구 | F67: 1000 | I67: 보성군 도시계획 조례 | J67: 제21조의2 | K67: 2. 자연취락지구로부터 1,000미터 | L67: 열기 | T67: =IF(M67="","",IF(M67=F67,"일치","변경"))
A68: 65 | B68: 보성군 | C68: 12750 | D68: 풍력 | E68: 정온시설 | F68: 1500 | I68: 보성군 도시계획 조례 | J68: 제21조의2 | K68: 1. 정온시설(초ㆍ중ㆍ고등학교, 도서관, 노인요양시설, 유치원, 병원, 경로당, 축사 등 정숙을 요하는 시설)물로부터 1,500미터 | L68: 열기 | T68: =IF(M68="","",IF(M68=F68,"일치","변경"))
A69: 66 | B69: 보성군 | C69: 12750 | D69: 풍력 | E69: 주거밀집지역 | F69: 800 | G69: 10 | H69: 한 줄에 거리 여러 개 | I69: 보성군 도시계획 조례 | J69: 제21조의2 | K69: 3. 주거밀집지역(10호 이상의 실제 주민이 거주하는 인가가 밀집된 지역을 말함)으로부터 800미터(10호 미만은 500미터) | L69: 열기 | T69: =IF(M69="","",IF(M69=F69,"일치","변경"))
A70: 67 | B70: 보성군 | C70: 12750 | D70: 태양광 | E70: 관광지 | F70: 500 | I70: 보성군 도시계획 조례 | J70: 제21조의2 | K70: 6. 「보성군 관광진흥에 관한 조례」에 따른 주요 관광지,「관광진흥법」에 따른 관광지 시설부지로부터 500미터 | L70: 열기 | T70: =IF(M70="","",IF(M70=F70,"일치","변경"))
A71: 68 | B71: 보성군 | C71: 12750 | D71: 태양광 | E71: 도로 | F71: 500 | I71: 보성군 도시계획 조례 | J71: 제21조의2 | K71: 1. 「도로법」이 적용되는 도로로부터 500미터(개설된 도로에 한함) | L71: 열기 | T71: =IF(M71="","",IF(M71=F71,"일치","변경"))
A72: 69 | B72: 보성군 | C72: 12750 | D72: 태양광 | E72: 도로 | F72: 200 | I72: 보성군 도시계획 조례 | J72: 제21조의2 | K72: 2. 「농어촌도로 정비법」에 따른 농어촌도로로부터 200미터(농도를 포함하며, 개설된 도로에 한함) | L72: 열기 | T72: =IF(M72="","",IF(M72=F72,"일치","변경"))
A73: 70 | B73: 보성군 | C73: 12750 | D73: 태양광 | E73: 도로 | F73: 200 | I73: 보성군 도시계획 조례 | J73: 제21조의2 | K73: 1. 「도로법」이 적용되는 도로로부터 200미터(개설된 도로에 한함) | L73: 열기 | T73: =IF(M73="","",IF(M73=F73,"일치","변경"))
A74: 71 | B74: 보성군 | C74: 12750 | D74: 태양광 | E74: 자연취락지구 | F74: 500 | I74: 보성군 도시계획 조례 | J74: 제21조의2 | K74: 3. 자연취락지구 경계로부터 500미터 | L74: 열기 | T74: =IF(M74="","",IF(M74=F74,"일치","변경"))
A75: 72 | B75: 보성군 | C75: 12750 | D75: 태양광 | E75: 자연취락지구 | F75: 200 | G75: 10 | H75: 한 줄에 거리 여러 개 / 다만·예외·동의 단서 | I75: 보성군 도시계획 조례 | J75: 제21조의2 | K75: 3. 자연취락지구 내 가장 가까운 거리에 있는 주택으로부터 시설부지 경계선까지 200미터(10호 미만이거나 전 세대로부터 동의를 받은 경우는 100미터) | L75: 열기 | T75: =IF(M75="","",IF(M75=F75,"일치","변경"))
A76: 73 | B76: 보성군 | C76: 12750 | D76: 태양광 | E76: 주거밀집지역 | F76: 500 | G76: 10 | H76: 한 줄에 거리 여러 개 | I76: 보성군 도시계획 조례 | J76: 제21조의2 | K76: 4. 주거밀집지역(10호 이상의 실제 주민이 거주하는 인가가 밀집된 지역을 말함) 내 가장 가까운 거리에 있는 주택부지 경계로부터 시설부지 경계선까지 500미터(10호 미만은 300미터) | L76: 열기 | T76: =IF(M76="","",IF(M76=F76,"일치","변경"))
A77: 74 | B77: 보성군 | C77: 12750 | D77: 태양광 | E77: 주거밀집지역 | F77: 200 | G77: 10 | H77: 한 줄에 거리 여러 개 / 다만·예외·동의 단서 | I77: 보성군 도시계획 조례 | J77: 제21조의2 | K77: 4. 주거밀집지역(10호 이상의 실제 주민이 거주하는 인가가 밀집된 지역을 말함)내 가장 가까운 거리에 있는 주택에서 시설부지 경계선까지 200미터(10호 미만이거나 전 세대로부터 동의를 받은 경우는 100미터) | L77: 열기 | T77: =IF(M77="","",IF(M77=F77,"일치","변경"))
A78: 75 | B78: 화순군 | C78: 12760 | D78: 풍력 | E78: 주거밀집지역 | F78: 2000 | G78: 10 | I78: 화순군 도시계획 조례 | J78: 제20조의2 | K78: 1. 10호 이상 취락지역으로부터 2,000미터 이내에 입지하지 않을 것 <개정 2020.10.13., 2022. 12. 8.> | L78: 열기 | T78: =IF(M78="","",IF(M78=F78,"일치","변경"))
A79: 76 | B79: 화순군 | C79: 12760 | D79: 풍력 | E79: 주거밀집지역 | F79: 1500 | G79: 10 | I79: 화순군 도시계획 조례 | J79: 제20조의2 | K79: 2. 10호 미만 취락지역으로부터 1,500미터 이내에 입지하지 않을 것 <개정 2020.10.13., 2022. 12. 8.> | L79: 열기 | T79: =IF(M79="","",IF(M79=F79,"일치","변경"))
A80: 77 | B80: 화순군 | C80: 12760 | D80: 태양광 | E80: 관광지 | F80: 500 | I80: 화순군 도시계획 조례 | J80: 제20조의2 | K80: 5. 「관광진흥법」에 따른 관광지 및 관광단지로부터 500미터 이내에 입지하지 아니할 것 | L80: 열기 | T80: =IF(M80="","",IF(M80=F80,"일치","변경"))
A81: 78 | B81: 화순군 | C81: 12760 | D81: 태양광 | E81: 도로 | F81: 500 | G81: 10 | H81: 한 줄에 거리 여러 개 | I81: 화순군 도시계획 조례 | J81: 제20조의2 | K81: 1. 주요도로[국도, 지방도, 군도, 구(舊)국도(2차로 이상 포장도로), 농어촌도로(농도는 제외한다)를 말한다. 이하 같다] 및 10호 이상 취락지역(호간 이격거리 50미터 이내 주택을 포함한다. 이하 같다)으로부터 직선거리 500미터 안에 입지하지 않을 것 | L81: 열기 | T81: =IF(M81="","",IF(M81=F81,"일치","변경"))
A82: 79 | B82: 화순군 | C82: 12760 | D82: 태양광 | E82: 도로 | F82: 200 | G82: 10 | I82: 화순군 도시계획 조례 | J82: 제20조의2 | K82: 1. 주요도로 및 10호 이상 취락지역으로부터 직선거리 200미터 안에 입지하지 않을 것 | L82: 열기 | T82: =IF(M82="","",IF(M82=F82,"일치","변경"))
A83: 80 | B83: 화순군 | C83: 12760 | D83: 태양광 | E83: 도로 | F83: 100 | G83: 10 | I83: 화순군 도시계획 조례 | J83: 제20조의2 | K83: 1. 주요도로 및 10호 이상 취락지역으로부터 직선거리 100미터 안에 입지하지 않을 것 | L83: 열기 | T83: =IF(M83="","",IF(M83=F83,"일치","변경"))
A84: 81 | B84: 화순군 | C84: 12760 | D84: 태양광 | E84: 주거밀집지역 | F84: 500 | G84: 10 | H84: 한 줄에 거리 여러 개 | I84: 화순군 도시계획 조례 | J84: 제20조의2 | K84: 1. 주요도로[국도, 지방도, 군도, 구(舊)국도(2차로 이상 포장도로), 농어촌도로(농도는 제외한다)를 말한다. 이하 같다] 및 10호 이상 취락지역(호간 이격거리 50미터 이내 주택을 포함한다. 이하 같다)으로부터 직선거리 500미터 안에 입지하지 않을 것 | L84: 열기 | T84: =IF(M84="","",IF(M84=F84,"일치","변경"))
A85: 82 | B85: 화순군 | C85: 12760 | D85: 태양광 | E85: 주거밀집지역 | F85: 300 | G85: 10 | I85: 화순군 도시계획 조례 | J85: 제20조의2 | K85: 2. 10호 미만의 취락지역의 경우 300미터 안에 입지하지 않을 것 | L85: 열기 | T85: =IF(M85="","",IF(M85=F85,"일치","변경"))
A86: 83 | B86: 화순군 | C86: 12760 | D86: 태양광 | E86: 주거밀집지역 | F86: 200 | G86: 10 | I86: 화순군 도시계획 조례 | J86: 제20조의2 | K86: 1. 주요도로 및 10호 이상 취락지역으로부터 직선거리 200미터 안에 입지하지 않을 것 | L86: 열기 | T86: =IF(M86="","",IF(M86=F86,"일치","변경"))
A87: 84 | B87: 화순군 | C87: 12760 | D87: 태양광 | E87: 주거밀집지역 | F87: 100 | G87: 10 | I87: 화순군 도시계획 조례 | J87: 제20조의2 | K87: 1. 주요도로 및 10호 이상 취락지역으로부터 직선거리 100미터 안에 입지하지 않을 것 | L87: 열기 | T87: =IF(M87="","",IF(M87=F87,"일치","변경"))
A88: 85 | B88: 화순군 | C88: 12760 | D88: 태양광 | E88: 주거밀집지역 | F88: 100 | G88: 10 | I88: 화순군 도시계획 조례 | J88: 제20조의2 | K88: 2. 10호 미만 취락지역으로부터 직선거리 100미터 안에 입지하지 않을 것 | L88: 열기 | T88: =IF(M88="","",IF(M88=F88,"일치","변경"))
A89: 86 | B89: 화순군 | C89: 12760 | D89: 태양광 | E89: 주거밀집지역 | F89: 50 | G89: 10 | I89: 화순군 도시계획 조례 | J89: 제20조의2 | K89: 2. 10호 미만 취락지역으로부터 직선거리 50미터 안에 입지하지 않을 것 | L89: 열기 | T89: =IF(M89="","",IF(M89=F89,"일치","변경"))
A90: 87 | B90: 해남군 | C90: 12790 | D90: 풍력 | E90: 가축사육시설 | F90: 1000 | I90: 해남군 도시계획 조례 | J90: 제19조의3 | K90: 1. 정온시설(초·중·고등학교, 도서관, 노인요양시설, 유치원, 병원, 「축산법」에 따른 가축 사육시설 등 정숙을 요하는 시설)물로부터 1,000미터 <개정 2019. 2. 26.> <개정 2024. 8. 16.> | L90: 열기 | T90: =IF(M90="","",IF(M90=F90,"일치","변경"))
A91: 88 | B91: 해남군 | C91: 12790 | D91: 풍력 | E91: 자연취락지구 | F91: 700 | I91: 해남군 도시계획 조례 | J91: 제19조의3 | K91: 2. 자연취락지구로부터 700미터 <개정 2024. 8. 16.> | L91: 열기 | T91: =IF(M91="","",IF(M91=F91,"일치","변경"))
A92: 89 | B92: 해남군 | C92: 12790 | D92: 풍력 | E92: 정온시설 | F92: 1000 | I92: 해남군 도시계획 조례 | J92: 제19조의3 | K92: 1. 정온시설(초·중·고등학교, 도서관, 노인요양시설, 유치원, 병원, 「축산법」에 따른 가축 사육시설 등 정숙을 요하는 시설)물로부터 1,000미터 <개정 2019. 2. 26.> <개정 2024. 8. 16.> | L92: 열기 | T92: =IF(M92="","",IF(M92=F92,"일치","변경"))
A93: 90 | B93: 해남군 | C93: 12790 | D93: 풍력 | E93: 주거밀집지역 | F93: 700 | G93: 10 | H93: 한 줄에 거리 여러 개 | I93: 해남군 도시계획 조례 | J93: 제19조의3 | K93: 3. 주거밀집지역(10호 이상의 실제 주민이 거주하는 인가가 밀집된 지역을 말함)으로부터 700미터(10호 미만은 500미터) <개정 2024. 8. 16.> | L93: 열기 | T93: =IF(M93="","",IF(M93=F93,"일치","변경"))
A94: 91 | B94: 해남군 | C94: 12790 | D94: 풍력 | E94: 주택 | F94: 100 | G94: 1 | H94: 다만·예외·동의 단서 | I94: 해남군 도시계획 조례 | J94: 제19조의3 | K94: 6. 태양광 발전시설은 제1항제1호에서 제5호까지의 기준 이내, 풍력 발전시설은 제3항제1호에서 제3호까지의 기준 이내에 입지할 경우 주민 2/3 이상 동의 또는 공동 지분 참여가 있을 때에는 입지가 가능하다. 다만, 이 경우 주택으로부터 직선거리 100미터 이상이어야 한다. <신설 2024. 8. 16.> | L94: 열기 | T94: =IF(M94="","",IF(M94=F94,"일치","변경"))
A95: 92 | B95: 해남군 | C95: 12790 | D95: 태양광 | E95: 관광지 | F95: 500 | I95: 해남군 도시계획 조례 | J95: 제19조의3 | K95: 5. 「관광진흥법」에 따른 관광지 및 관광단지로부터 500미터 | L95: 열기 | T95: =IF(M95="","",IF(M95=F95,"일치","변경"))
A96: 93 | B96: 해남군 | C96: 12790 | D96: 태양광 | E96: 관광지 | F96: 100 | I96: 해남군 도시계획 조례 | J96: 제19조의3 | K96: 5. 군민 태양광발전을 위한 개발행위 허가 신청일을 기준으로 해남군에 5년 이상 계속하여 주민등록을 두고 있는 사람이 본인이 소유한 토지에 소득창출을 목적으로 자연취락지구, 주거밀집지역, 주택, 관광지 및 관광단지로부터 100미터 이상 이격하고 발전용량 100킬로와트 미만의 태양광 발전시설을 설치(최초 1회에 한정한다)하는 경우 <신설 2024. 4. 15.> <개정 2024. 8. 16.> <개정 2025. 7. 1.> | L96: 열기 | T96: =IF(M96="","",IF(M96=F96,"일치","변경"))
A97: 94 | B97: 해남군 | C97: 12790 | D97: 태양광 | E97: 도로 | F97: 100 | I97: 해남군 도시계획 조례 | J97: 제19조의3 | K97: 1. 「도로법」에 따른 도로(구 국도 및 지방도 포함) 및 군계획시설 도로로부터 100미터 <개정 2019. 2. 26.> <개정 2024. 8. 16.> | L97: 열기 | T97: =IF(M97="","",IF(M97=F97,"일치","변경"))
A98: 95 | B98: 해남군 | C98: 12790 | D98: 태양광 | E98: 자연취락지구 | F98: 500 | I98: 해남군 도시계획 조례 | J98: 제19조의3 | K98: 3. 자연취락지구로부터 500미터 | L98: 열기 | T98: =IF(M98="","",IF(M98=F98,"일치","변경"))
A99: 96 | B99: 해남군 | C99: 12790 | D99: 태양광 | E99: 자연취락지구 | F99: 100 | I99: 해남군 도시계획 조례 | J99: 제19조의3 | K99: 5. 군민 태양광발전을 위한 개발행위 허가 신청일을 기준으로 해남군에 5년 이상 계속하여 주민등록을 두고 있는 사람이 본인이 소유한 토지에 소득창출을 목적으로 자연취락지구, 주거밀집지역, 주택, 관광지 및 관광단지로부터 100미터 이상 이격하고 발전용량 100킬로와트 미만의 태양광 발전시설을 설치(최초 1회에 한정한다)하는 경우 <신설 2024. 4. 15.> <개정 2024. 8. 16.> <개정 2025. 7. 1.> | L99: 열기 | T99: =IF(M99="","",IF(M99=F99,"일치","변경"))
A100: 97 | B100: 해남군 | C100: 12790 | D100: 태양광 | E100: 주거밀집지역 | F100: 500 | G100: 10 | H100: 한 줄에 거리 여러 개 | I100: 해남군 도시계획 조례 | J100: 제19조의3 | K100: 4. 주거밀집지역(10호 이상의 실제 주민이 거주하는 인가가 밀집된 지역을 말함)으로부터 500미터(10호 미만은 100미터) | L100: 열기 | T100: =IF(M100="","",IF(M100=F100,"일치","변경"))
...

Sheet 시군별 현황
A1: 시군별 검토 현황
A2: 검토표에 입력하면 자동으로 갱신됩니다
A4: 시군구 | B4: 시군구코드 | C4: 후보 행수 | D4: 검토 완료 (검토자 있음) | E4: 반영(Y) | F4: 진행률 | G4: 비고
A5: 목포시 | B5: 12110 | C5: =COUNTIFS(검토표!$B$4:$B$159,A5) -> 5 | D5: =COUNTIFS(검토표!$B$4:$B$159,A5,검토표!$Q$4:$Q$159,"<>") -> 0 | E5: =COUNTIFS(검토표!$B$4:$B$159,A5,검토표!$P$4:$P$159,"Y") -> 0 | F5: =IF(C5=0,"-",D5/C5) -> 0
A6: 여수시 | B6: 12130 | C6: =COUNTIFS(검토표!$B$4:$B$159,A6) -> 20 | D6: =COUNTIFS(검토표!$B$4:$B$159,A6,검토표!$Q$4:$Q$159,"<>") -> 0 | E6: =COUNTIFS(검토표!$B$4:$B$159,A6,검토표!$P$4:$P$159,"Y") -> 0 | F6: =IF(C6=0,"-",D6/C6) -> 0
A7: 순천시 | B7: 12150 | C7: =COUNTIFS(검토표!$B$4:$B$159,A7) -> 4 | D7: =COUNTIFS(검토표!$B$4:$B$159,A7,검토표!$Q$4:$Q$159,"<>") -> 0 | E7: =COUNTIFS(검토표!$B$4:$B$159,A7,검토표!$P$4:$P$159,"Y") -> 0 | F7: =IF(C7=0,"-",D7/C7) -> 0
A8: 나주시 | B8: 12170 | C8: =COUNTIFS(검토표!$B$4:$B$159,A8) -> 0 | D8: =COUNTIFS(검토표!$B$4:$B$159,A8,검토표!$Q$4:$Q$159,"<>") -> 0 | E8: =COUNTIFS(검토표!$B$4:$B$159,A8,검토표!$P$4:$P$159,"Y") -> 0 | F8: =IF(C8=0,"-",D8/C8) -> - | G8: 조문은 있으나 '요건을 모두 갖춘 경우 허가' 구조라 자동 추출 안 됨
A9: 광양시 | B9: 12190 | C9: =COUNTIFS(검토표!$B$4:$B$159,A9) -> 16 | D9: =COUNTIFS(검토표!$B$4:$B$159,A9,검토표!$Q$4:$Q$159,"<>") -> 0 | E9: =COUNTIFS(검토표!$B$4:$B$159,A9,검토표!$P$4:$P$159,"Y") -> 0 | F9: =IF(C9=0,"-",D9/C9) -> 0
A10: 담양군 | B10: 12710 | C10: =COUNTIFS(검토표!$B$4:$B$159,A10) -> 3 | D10: =COUNTIFS(검토표!$B$4:$B$159,A10,검토표!$Q$4:$Q$159,"<>") -> 0 | E10: =COUNTIFS(검토표!$B$4:$B$159,A10,검토표!$P$4:$P$159,"Y") -> 0 | F10: =IF(C10=0,"-",D10/C10) -> 0
A11: 곡성군 | B11: 12720 | C11: =COUNTIFS(검토표!$B$4:$B$159,A11) -> 4 | D11: =COUNTIFS(검토표!$B$4:$B$159,A11,검토표!$Q$4:$Q$159,"<>") -> 0 | E11: =COUNTIFS(검토표!$B$4:$B$159,A11,검토표!$P$4:$P$159,"Y") -> 0 | F11: =IF(C11=0,"-",D11/C11) -> 0
A12: 구례군 | B12: 12730 | C12: =COUNTIFS(검토표!$B$4:$B$159,A12) -> 10 | D12: =COUNTIFS(검토표!$B$4:$B$159,A12,검토표!$Q$4:$Q$159,"<>") -> 0 | E12: =COUNTIFS(검토표!$B$4:$B$159,A12,검토표!$P$4:$P$159,"Y") -> 0 | F12: =IF(C12=0,"-",D12/C12) -> 0
A13: 고흥군 | B13: 12740 | C13: =COUNTIFS(검토표!$B$4:$B$159,A13) -> 0 | D13: =COUNTIFS(검토표!$B$4:$B$159,A13,검토표!$Q$4:$Q$159,"<>") -> 0 | E13: =COUNTIFS(검토표!$B$4:$B$159,A13,검토표!$P$4:$P$159,"Y") -> 0 | F13: =IF(C13=0,"-",D13/C13) -> - | G13: 이격 조문을 찾지 못함
A14: 보성군 | B14: 12750 | C14: =COUNTIFS(검토표!$B$4:$B$159,A14) -> 12 | D14: =COUNTIFS(검토표!$B$4:$B$159,A14,검토표!$Q$4:$Q$159,"<>") -> 0 | E14: =COUNTIFS(검토표!$B$4:$B$159,A14,검토표!$P$4:$P$159,"Y") -> 0 | F14: =IF(C14=0,"-",D14/C14) -> 0
A15: 화순군 | B15: 12760 | C15: =COUNTIFS(검토표!$B$4:$B$159,A15) -> 12 | D15: =COUNTIFS(검토표!$B$4:$B$159,A15,검토표!$Q$4:$Q$159,"<>") -> 0 | E15: =COUNTIFS(검토표!$B$4:$B$159,A15,검토표!$P$4:$P$159,"Y") -> 0 | F15: =IF(C15=0,"-",D15/C15) -> 0
A16: 장흥군 | B16: 12770 | C16: =COUNTIFS(검토표!$B$4:$B$159,A16) -> 0 | D16: =COUNTIFS(검토표!$B$4:$B$159,A16,검토표!$Q$4:$Q$159,"<>") -> 0 | E16: =COUNTIFS(검토표!$B$4:$B$159,A16,검토표!$P$4:$P$159,"Y") -> 0 | F16: =IF(C16=0,"-",D16/C16) -> - | G16: 이격 조문을 찾지 못함
A17: 강진군 | B17: 12780 | C17: =COUNTIFS(검토표!$B$4:$B$159,A17) -> 0 | D17: =COUNTIFS(검토표!$B$4:$B$159,A17,검토표!$Q$4:$Q$159,"<>") -> 0 | E17: =COUNTIFS(검토표!$B$4:$B$159,A17,검토표!$P$4:$P$159,"Y") -> 0 | F17: =IF(C17=0,"-",D17/C17) -> - | G17: 이격 조문을 찾지 못함
A18: 해남군 | B18: 12790 | C18: =COUNTIFS(검토표!$B$4:$B$159,A18) -> 12 | D18: =COUNTIFS(검토표!$B$4:$B$159,A18,검토표!$Q$4:$Q$159,"<>") -> 0 | E18: =COUNTIFS(검토표!$B$4:$B$159,A18,검토표!$P$4:$P$159,"Y") -> 0 | F18: =IF(C18=0,"-",D18/C18) -> 0
A19: 영암군 | B19: 12800 | C19: =COUNTIFS(검토표!$B$4:$B$159,A19) -> 2 | D19: =COUNTIFS(검토표!$B$4:$B$159,A19,검토표!$Q$4:$Q$159,"<>") -> 0 | E19: =COUNTIFS(검토표!$B$4:$B$159,A19,검토표!$P$4:$P$159,"Y") -> 0 | F19: =IF(C19=0,"-",D19/C19) -> 0
A20: 무안군 | B20: 12810 | C20: =COUNTIFS(검토표!$B$4:$B$159,A20) -> 12 | D20: =COUNTIFS(검토표!$B$4:$B$159,A20,검토표!$Q$4:$Q$159,"<>") -> 0 | E20: =COUNTIFS(검토표!$B$4:$B$159,A20,검토표!$P$4:$P$159,"Y") -> 0 | F20: =IF(C20=0,"-",D20/C20) -> 0
A21: 함평군 | B21: 12820 | C21: =COUNTIFS(검토표!$B$4:$B$159,A21) -> 6 | D21: =COUNTIFS(검토표!$B$4:$B$159,A21,검토표!$Q$4:$Q$159,"<>") -> 0 | E21: =COUNTIFS(검토표!$B$4:$B$159,A21,검토표!$P$4:$P$159,"Y") -> 0 | F21: =IF(C21=0,"-",D21/C21) -> 0
A22: 영광군 | B22: 12830 | C22: =COUNTIFS(검토표!$B$4:$B$159,A22) -> 0 | D22: =COUNTIFS(검토표!$B$4:$B$159,A22,검토표!$Q$4:$Q$159,"<>") -> 0 | E22: =COUNTIFS(검토표!$B$4:$B$159,A22,검토표!$P$4:$P$159,"Y") -> 0 | F22: =IF(C22=0,"-",D22/C22) -> - | G22: 이격 조문을 찾지 못함
A23: 장성군 | B23: 12840 | C23: =COUNTIFS(검토표!$B$4:$B$159,A23) -> 8 | D23: =COUNTIFS(검토표!$B$4:$B$159,A23,검토표!$Q$4:$Q$159,"<>") -> 0 | E23: =COUNTIFS(검토표!$B$4:$B$159,A23,검토표!$P$4:$P$159,"Y") -> 0 | F23: =IF(C23=0,"-",D23/C23) -> 0
A24: 완도군 | B24: 12850 | C24: =COUNTIFS(검토표!$B$4:$B$159,A24) -> 9 | D24: =COUNTIFS(검토표!$B$4:$B$159,A24,검토표!$Q$4:$Q$159,"<>") -> 0 | E24: =COUNTIFS(검토표!$B$4:$B$159,A24,검토표!$P$4:$P$159,"Y") -> 0 | F24: =IF(C24=0,"-",D24/C24) -> 0
A25: 진도군 | B25: 12860 | C25: =COUNTIFS(검토표!$B$4:$B$159,A25) -> 14 | D25: =COUNTIFS(검토표!$B$4:$B$159,A25,검토표!$Q$4:$Q$159,"<>") -> 0 | E25: =COUNTIFS(검토표!$B$4:$B$159,A25,검토표!$P$4:$P$159,"Y") -> 0 | F25: =IF(C25=0,"-",D25/C25) -> 0
A26: 신안군 | B26: 12870 | C26: =COUNTIFS(검토표!$B$4:$B$159,A26) -> 7 | D26: =COUNTIFS(검토표!$B$4:$B$159,A26,검토표!$Q$4:$Q$159,"<>") -> 0 | E26: =COUNTIFS(검토표!$B$4:$B$159,A26,검토표!$P$4:$P$159,"Y") -> 0 | F26: =IF(C26=0,"-",D26/C26) -> 0
A27: 합계 | C27: =SUM(C5:C26) -> 156 | D27: =SUM(D5:D26) -> 0 | E27: =SUM(E5:E26) -> 0 | F27: =IF(C27=0,"-",D27/C27) -> 0

Sheet 직접 확인 필요
A1: 직접 확인 필요 (5개 시군)
A2: 자동 추출이 안 된 시군입니다. 조례 전문을 열어 이격 규정이 있는지 확인하고, 있으면 검토표 맨 아래에 행을 추가해 주세요. 규정이 '없다'고 확인되면 그 사실도 판정에 쓰입니다(→ 비저촉).
A4: 시군구 | B4: 시군구코드 | C4: 사유 | D4: 수집된 조문 (앞부분) | E4: 조례 전문
A5: 나주시 | B5: 12170 | C5: 조문은 있으나 '요건을 모두 갖춘 경우 허가' 구조라 자동 추출 안 됨 | D5: 제24조(개발행위허가의 기준) ① 개발행위 허가를 하고자 하는 지역 또는 주변지역이 다음 각 호의 어느 하나에 해당되는 경우에는 개발행위로 인하여 해당 지역 또는 그 주변 지역에 환경오염, 생태계파괴, 위해발생 등이 예상되므로 환경오염의 방지, 조경, 녹지의 조성, 완충지대의 설치 등 필요한 조치를 조건으로 하는 경우 외에는 개발행위허가를 하여서는 아니 된다. 1. 보호수의 보존에 필요한 지역 2. 「자연환경보전법」 제2조에 따른 멸종위기 야생동ㆍ식물, 보호생동ㆍ식물, 국제적 멸종위기 등이 서식 또는 자생하고 있거나 다양한 생물종이 풍부한 습지 등과 연결되어 생태보전이 필요한 지역 3. 녹지지역 또는 계획관리지역으로서 수목의 집단 생육지역, 조수류 등의 집단 서식지역 또는 우량농지 등으로 보전할 필요가 있는 지역 4. 개발행위로 인하여 주변의 환경ㆍ경관ㆍ미관ㆍ문화재 등이 크게 오염 손상될 우려가 있는 지역 5. 도시기본계획 또는 도시관리계획이 수립중인 지역으로써 용도지역ㆍ지구ㆍ구역 변경이 예상되고 그에 따라 개발행위허가 기준이 크게 달라질 것으로 예상 되는 지역 ② 영 제56조의 별표 1의2 제1호가목에 따라 시장은 다음 각 호의 요건을 모두 갖춘 행위에 … | E5: 열기
A6: 고흥군 | B6: 12740 | C6: 이격 조문을 찾지 못함 | D6: (자동수집 실패 - 조례 전문에서 '이격' 언급 조문 없음) | E6: 링크 없음
A7: 장흥군 | B7: 12770 | C7: 이격 조문을 찾지 못함 | D7: (자동수집 실패 - 조례 전문에서 '이격' 언급 조문 없음) | E7: 링크 없음
A8: 강진군 | B8: 12780 | C8: 이격 조문을 찾지 못함 | D8: (자동수집 실패 - 조례 전문에서 '이격' 언급 조문 없음) | E8: 링크 없음
A9: 영광군 | B9: 12830 | C9: 이격 조문을 찾지 못함 | D9: (자동수집 실패 - 조례 전문에서 '이격' 언급 조문 없음) | E9: 링크 없음
